id,name,px_price,internet_price,category,source_url,created_at,updated_at
1,오뚜기 짜슐랭 (125g),1540,1900,라면,https://jekyllhyde3.tistory.com/18,2026-06-02 13:41:04.889219+00,2026-06-02 13:41:04.889219+00
2,오뚜기 진짜장 (115g),1540,1900,라면,https://jekyllhyde3.tistory.com/18,2026-06-02 13:41:04.889219+00,2026-06-02 13:41:04.889219+00
3,진국설렁탕면 (100g×4입),2460,3200,라면,https://jekyllhyde3.tistory.com/18,2026-06-02 13:41:04.889219+00,2026-06-02 13:41:04.889219+00
4,오뚜기 마열라면 (105g),1170,1500,라면,https://jekyllhyde3.tistory.com/19,2026-06-02 13:41:04.889219+00,2026-06-02 13:41:04.889219+00
5,신라면 툼바 큰사발 (113g),1020,1400,라면,https://jekyllhyde3.tistory.com/19,2026-06-02 13:41:04.889219+00,2026-06-02 13:41:04.889219+00
6,나가사끼짬뽕 (115g×5입),4210,5500,라면,https://jekyllhyde3.tistory.com/19,2026-06-02 13:41:04.889219+00,2026-06-02 13:41:04.889219+00
7,꼬꼬면 왕컵 (105g),950,1300,라면,https://jekyllhyde3.tistory.com/19,2026-06-02 13:41:04.889219+00,2026-06-02 13:41:04.889219+00
8,꼬꼬면 (115g×5입),3670,4900,라면,https://jekyllhyde3.tistory.com/20,2026-06-02 13:41:04.889219+00,2026-06-02 13:41:04.889219+00
9,신라면 툼바 (137g×4입),3110,4200,라면,https://jekyllhyde3.tistory.com/20,2026-06-02 13:41:04.889219+00,2026-06-02 13:41:04.889219+00
10,신라면 건면 (97g×5입),4140,5500,라면,https://jekyllhyde3.tistory.com/20,2026-06-02 13:41:04.889219+00,2026-06-02 13:41:04.889219+00
11,농심라면 (124g×4입),3160,4300,라면,https://jekyllhyde3.tistory.com/20,2026-06-02 13:41:04.889219+00,2026-06-02 13:41:04.889219+00
12,팔도 도시락 (86g),670,900,라면,https://jekyllhyde3.tistory.com/20,2026-06-02 13:41:04.889219+00,2026-06-02 13:41:04.889219+00
13,새우탕컵 (67g),710,1000,라면,https://jekyllhyde3.tistory.com/21,2026-06-02 13:41:04.889219+00,2026-06-02 13:41:04.889219+00
14,짜왕 (134g×4입),3760,5000,라면,https://jekyllhyde3.tistory.com/21,2026-06-02 13:41:04.889219+00,2026-06-02 13:41:04.889219+00
15,진비빔면 (134g),1220,1500,라면,https://jekyllhyde3.tistory.com/21,2026-06-02 13:41:04.889219+00,2026-06-02 13:41:04.889219+00
16,컵누들 매콤한맛 용기 (61g),1160,1500,라면,https://jekyllhyde3.tistory.com/21,2026-06-02 13:41:04.889219+00,2026-06-02 13:41:04.889219+00
17,오동통면 (600g),3310,4500,라면,https://jekyllhyde3.tistory.com/21,2026-06-02 13:41:04.889219+00,2026-06-02 13:41:04.889219+00
18,오뚜기 스파게티 (600g),2550,3500,라면,https://jekyllhyde3.tistory.com/21,2026-06-02 13:41:04.889219+00,2026-06-02 13:41:04.889219+00
19,햇반 발아현미밥 (210g×3입),3300,4580,즉석식,https://jekyllhyde3.tistory.com/18,2026-06-02 13:41:04.889219+00,2026-06-08 06:07:29.58814+00
20,비비고 갈비탕 (400g),5000,6500,즉석식,https://jekyllhyde3.tistory.com/18,2026-06-02 13:41:04.889219+00,2026-06-02 13:41:04.889219+00
21,비비고 통새우만두 (200g),3690,4900,즉석식,https://jekyllhyde3.tistory.com/18,2026-06-02 13:41:04.889219+00,2026-06-02 13:41:04.889219+00
22,잉글리쉬머핀 샌드위치 (138g),3060,3900,즉석식,https://jekyllhyde3.tistory.com/18,2026-06-02 13:41:04.889219+00,2026-06-02 13:41:04.889219+00
23,비비고 컵떡볶이 (110g),2000,2700,즉석식,https://jekyllhyde3.tistory.com/19,2026-06-02 13:41:04.889219+00,2026-06-02 13:41:04.889219+00
24,햇반 불고기주먹밥 (500g),4300,5800,즉석식,https://jekyllhyde3.tistory.com/19,2026-06-02 13:41:04.889219+00,2026-06-02 13:41:04.889219+00
25,비비고 메추리알장조림 (170g),2500,3300,즉석식,https://jekyllhyde3.tistory.com/19,2026-06-02 13:41:04.889219+00,2026-06-02 13:41:04.889219+00
26,워커힐고메 새우만두 (400g),7390,9500,즉석식,https://jekyllhyde3.tistory.com/19,2026-06-02 13:41:04.889219+00,2026-06-02 13:41:04.889219+00
27,스팸 마일드 (200g),3000,3900,캔/햄,https://jekyllhyde3.tistory.com/20,2026-06-02 13:41:04.889219+00,2026-06-02 13:41:04.889219+00
28,스팸 싱글클래식 (80g),1350,1800,캔/햄,https://jekyllhyde3.tistory.com/21,2026-06-02 13:41:04.889219+00,2026-06-02 13:41:04.889219+00
29,롯데제과 런천미트 (340g),2300,3000,캔/햄,https://jekyllhyde3.tistory.com/20,2026-06-02 13:41:04.889219+00,2026-06-02 13:41:04.889219+00
30,동원 매운고추참치 (90g×4입),4630,6200,캔/햄,https://jekyllhyde3.tistory.com/20,2026-06-02 13:41:04.889219+00,2026-06-02 13:41:04.889219+00
31,맛있는 갈비맛만두 (280g),3100,4200,즉석식,https://jekyllhyde3.tistory.com/21,2026-06-02 13:41:04.889219+00,2026-06-02 13:41:04.889219+00
32,얄피꽉찬 육즙진한교자 (800g),4990,6800,즉석식,https://jekyllhyde3.tistory.com/21,2026-06-02 13:41:04.889219+00,2026-06-02 13:41:04.889219+00
33,맛있는 후랑크 핫도그 오리지널 (375g),4480,6000,즉석식,https://jekyllhyde3.tistory.com/20,2026-06-02 13:41:04.889219+00,2026-06-02 13:41:04.889219+00
34,오뚜기 맛있는 오리지널 핫도그 (400g),4480,6000,즉석식,https://jekyllhyde3.tistory.com/21,2026-06-02 13:41:04.889219+00,2026-06-02 13:41:04.889219+00
35,비비고 파김치 (300g),6480,8500,반찬,https://jekyllhyde3.tistory.com/21,2026-06-02 13:41:04.889219+00,2026-06-02 13:41:04.889219+00
36,종가 맛김치 (400g),2700,3700,반찬,https://jekyllhyde3.tistory.com/19,2026-06-02 13:41:04.889219+00,2026-06-02 13:41:04.889219+00
37,들기름으로 구운 광천김 (64g),5670,7500,반찬,https://jekyllhyde3.tistory.com/20,2026-06-02 13:41:04.889219+00,2026-06-02 13:41:04.889219+00
38,딱김 조미김 (25g),2100,2700,반찬,https://jekyllhyde3.tistory.com/20,2026-06-02 13:41:04.889219+00,2026-06-02 13:41:04.889219+00
39,예감 (64g),650,900,과자,https://jekyllhyde3.tistory.com/22,2026-06-02 13:41:04.889219+00,2026-06-02 13:41:04.889219+00
40,꼬북칩 초코츄러스맛 (80g),770,1050,과자,https://jekyllhyde3.tistory.com/22,2026-06-02 13:41:04.889219+00,2026-06-02 13:41:04.889219+00
41,오 감자 감자그라탕맛 (95g),1210,1600,과자,https://jekyllhyde3.tistory.com/22,2026-06-02 13:41:04.889219+00,2026-06-02 13:41:04.889219+00
42,쌀새우깡 (80g),660,900,과자,https://jekyllhyde3.tistory.com/22,2026-06-02 13:41:04.889219+00,2026-06-02 13:41:04.889219+00
43,홈런볼초코 (128g),2490,4080,과자,https://jekyllhyde3.tistory.com/22,2026-06-02 13:41:04.889219+00,2026-06-13 11:52:05.275901+00
44,초코송이 (50g),670,900,과자,https://jekyllhyde3.tistory.com/22,2026-06-02 13:41:04.889219+00,2026-06-02 13:41:04.889219+00
45,오뚜기 뿌셔뿌셔 불고기맛 (90g),470,650,과자,https://jekyllhyde3.tistory.com/22,2026-06-02 13:41:04.889219+00,2026-06-02 13:41:04.889219+00
46,태양의 맛 썬 (80g),780,1000,과자,https://jekyllhyde3.tistory.com/23,2026-06-02 13:41:04.889219+00,2026-06-02 13:41:04.889219+00
47,오잉 (151g),1720,2300,과자,https://jekyllhyde3.tistory.com/22,2026-06-02 13:41:04.889219+00,2026-06-02 13:41:04.889219+00
48,카라멜콘 땅콩 (150g),1170,1500,과자,https://jekyllhyde3.tistory.com/23,2026-06-02 13:41:04.889219+00,2026-06-02 13:41:04.889219+00
49,마이쮸 핑크리치 (44g),450,760,과자,https://jekyllhyde3.tistory.com/23,2026-06-02 13:41:04.889219+00,2026-06-13 11:46:20.918566+00
50,하리보 믹스 사우어 (160g),2500,3300,과자,https://jekyllhyde3.tistory.com/23,2026-06-02 13:41:04.889219+00,2026-06-02 13:41:04.889219+00
51,오리지널 글레이즈드 (141g 3개입),4050,5400,과자,https://jekyllhyde3.tistory.com/22,2026-06-02 13:41:04.889219+00,2026-06-02 13:41:04.889219+00
52,초코파이찰떡 (215g 10개입),2060,2700,과자,https://jekyllhyde3.tistory.com/22,2026-06-02 13:41:04.889219+00,2026-06-02 13:41:04.889219+00
53,밀카 타블렛 스트로베리 (100g),2000,2700,과자,https://jekyllhyde3.tistory.com/22,2026-06-02 13:41:04.889219+00,2026-06-02 13:41:04.889219+00
54,로투스비스코프 샌드 바닐라 (150g),1490,2000,과자,https://jekyllhyde3.tistory.com/22,2026-06-02 13:41:04.889219+00,2026-06-02 13:41:04.889219+00
55,얀얀 초콜릿맛 (50g),1090,1400,과자,https://jekyllhyde3.tistory.com/22,2026-06-02 13:41:04.889219+00,2026-06-02 13:41:04.889219+00
56,코카콜라 제로 캔 (250ml),730,1250,음료,https://jekyllhyde3.tistory.com/27,2026-06-02 13:41:04.889219+00,2026-06-13 12:09:31.260615+00
57,실론티 레몬 제로 (500ml),670,900,음료,https://jekyllhyde3.tistory.com/27,2026-06-02 13:41:04.889219+00,2026-06-02 13:41:04.889219+00
58,보성홍차 아이스티 제로 레몬차 (500ml),750,1000,음료,https://jekyllhyde3.tistory.com/27,2026-06-02 13:41:04.889219+00,2026-06-02 13:41:04.889219+00
59,웅진 옥수수수염차 (1350ml),1020,1400,음료,https://jekyllhyde3.tistory.com/27,2026-06-02 13:41:04.889219+00,2026-06-02 13:41:04.889219+00
60,아침햇살 제로슈가 (500ml),860,1100,음료,https://jekyllhyde3.tistory.com/27,2026-06-02 13:41:04.889219+00,2026-06-02 13:41:04.889219+00
61,맥콜 (250ml),280,390,음료,https://jekyllhyde3.tistory.com/27,2026-06-02 13:41:04.889219+00,2026-06-02 13:41:04.889219+00
62,파워에이드 제로 (600ml),740,1000,음료,https://jekyllhyde3.tistory.com/27,2026-06-02 13:41:04.889219+00,2026-06-02 13:41:04.889219+00
63,조지아 블랙 (470ml),1080,1400,음료,https://jekyllhyde3.tistory.com/27,2026-06-02 13:41:04.889219+00,2026-06-02 13:41:04.889219+00
64,핫식스 더킹 퍼플그레이프 (355ml),860,1200,음료,https://jekyllhyde3.tistory.com/27,2026-06-02 13:41:04.889219+00,2026-06-02 13:41:04.889219+00
65,레드불 퍼플 에디션 (250ml),1160,1500,음료,https://jekyllhyde3.tistory.com/27,2026-06-02 13:41:04.889219+00,2026-06-02 13:41:04.889219+00
66,몬스터 망고로코 (355ml),1120,1500,음료,https://jekyllhyde3.tistory.com/27,2026-06-02 13:41:04.889219+00,2026-06-02 13:41:04.889219+00
67,깨수깡 (160ml),1800,2400,음료,https://jekyllhyde3.tistory.com/27,2026-06-02 13:41:04.889219+00,2026-06-02 13:41:04.889219+00
68,컨디션스틱 (18g),690,950,컨디션,https://jekyllhyde3.tistory.com/18,2026-06-02 13:41:04.889219+00,2026-06-02 13:41:04.889219+00
69,컨디션스틱 그린애플 (18g),690,950,컨디션,https://jekyllhyde3.tistory.com/20,2026-06-02 13:41:04.889219+00,2026-06-02 13:41:04.889219+00
70,컨디션스틱 자두 (18g),690,950,컨디션,https://jekyllhyde3.tistory.com/21,2026-06-02 13:41:04.889219+00,2026-06-02 13:41:04.889219+00
71,상쾌환 Booster (100ml×2입),2780,3700,컨디션,https://jekyllhyde3.tistory.com/27,2026-06-02 13:41:04.889219+00,2026-06-02 13:41:04.889219+00
72,스타벅스 드립백 파이크 플레이스 (45g),4910,6500,커피,https://jekyllhyde3.tistory.com/18,2026-06-02 13:41:04.889219+00,2026-06-02 13:41:04.889219+00
73,스타벅스 다크 로스트 아메리카노 (55g 50입),10400,13500,커피,https://jekyllhyde3.tistory.com/19,2026-06-02 13:41:04.889219+00,2026-06-02 13:41:04.889219+00
74,할리스 캡슐커피 이클립스 블렌드 (53g),3970,5300,커피,https://jekyllhyde3.tistory.com/19,2026-06-02 13:41:04.889219+00,2026-06-02 13:41:04.889219+00
75,할리스 캡슐커피 디카페인 블렌드 (53g),4290,5700,커피,https://jekyllhyde3.tistory.com/20,2026-06-02 13:41:04.889219+00,2026-06-02 13:41:04.889219+00
76,할리스 로얄밀크티 (400g),5060,6800,커피,https://jekyllhyde3.tistory.com/18,2026-06-02 13:41:04.889219+00,2026-06-02 13:41:04.889219+00
77,할리스 너티 크림 라떼 (400g),6810,9100,커피,https://jekyllhyde3.tistory.com/18,2026-06-02 13:41:04.889219+00,2026-06-02 13:41:04.889219+00
78,이디야 토피 넛 라떼 (600g 30개),8800,11500,커피,https://jekyllhyde3.tistory.com/20,2026-06-02 13:41:04.889219+00,2026-06-02 13:41:04.889219+00
79,커피빈 시그니처 블렌드 캡슐 (50g),4430,5900,커피,https://jekyllhyde3.tistory.com/21,2026-06-02 13:41:04.889219+00,2026-06-02 13:41:04.889219+00
80,나이샷 콜드브루 (20ml),2360,3200,커피,https://jekyllhyde3.tistory.com/28,2026-06-02 13:41:04.889219+00,2026-06-02 13:41:04.889219+00
81,서울우유 A2+ (1700ml),4890,6500,유제품,https://jekyllhyde3.tistory.com/28,2026-06-02 13:41:04.889219+00,2026-06-02 13:41:04.889219+00
82,파스퇴르 후레쉬우유 (1800ml),4990,6500,유제품,https://jekyllhyde3.tistory.com/28,2026-06-02 13:41:04.889219+00,2026-06-02 13:41:04.889219+00
83,파스퇴르 1% 저지방우유 (1800ml),4990,6500,유제품,https://jekyllhyde3.tistory.com/28,2026-06-02 13:41:04.889219+00,2026-06-02 13:41:04.889219+00
84,진짜 고소한 락토프리 (900ml),2460,3200,유제품,https://jekyllhyde3.tistory.com/28,2026-06-02 13:41:04.889219+00,2026-06-02 13:41:04.889219+00
85,소화가 잘되는 우유 저지방 2% (930ml),2600,3500,유제품,https://jekyllhyde3.tistory.com/28,2026-06-02 13:41:04.889219+00,2026-06-02 13:41:04.889219+00
86,남양 고소한 락토프리 멸균 (180ml),760,1000,유제품,https://jekyllhyde3.tistory.com/28,2026-06-02 13:41:04.889219+00,2026-06-02 13:41:04.889219+00
87,파스퇴르 후레쉬우유 (180ml×3입),2090,2700,유제품,https://jekyllhyde3.tistory.com/28,2026-06-02 13:41:04.889219+00,2026-06-02 13:41:04.889219+00
88,유기농 우유 (200ml×6입),5050,6800,유제품,https://jekyllhyde3.tistory.com/28,2026-06-02 13:41:04.889219+00,2026-06-02 13:41:04.889219+00
89,삼육두유 검은콩과 우리22곡 (190ml),810,1100,유제품,https://jekyllhyde3.tistory.com/28,2026-06-02 13:41:04.889219+00,2026-06-02 13:41:04.889219+00
90,베지밀 고단백 두유 초코 (190ml),530,700,유제품,https://jekyllhyde3.tistory.com/28,2026-06-02 13:41:04.889219+00,2026-06-02 13:41:04.889219+00
91,남양 맛있는 두유 GT 검은콩깨 (200ml),750,1000,유제품,https://jekyllhyde3.tistory.com/28,2026-06-02 13:41:04.889219+00,2026-06-02 13:41:04.889219+00
92,요플레 닥터캡슐 프로텍트 베리믹스 (130ml),850,1100,유제품,https://jekyllhyde3.tistory.com/28,2026-06-02 13:41:04.889219+00,2026-06-02 13:41:04.889219+00
93,요맘때 플레인 콘 (150ml),840,1100,유제품,https://jekyllhyde3.tistory.com/26,2026-06-02 13:41:04.889219+00,2026-06-02 13:41:04.889219+00
94,하겐다즈 미니컵 마카다미아넛 (100ml),2070,4200,아이스크림,https://jekyllhyde3.tistory.com/26,2026-06-02 13:41:04.889219+00,2026-06-13 12:09:31.460368+00
95,하겐다즈 마카다미아 넛 브리틀 아이스크림바 (80ml),2210,3000,아이스크림,https://jekyllhyde3.tistory.com/26,2026-06-02 13:41:04.889219+00,2026-06-02 13:41:04.889219+00
96,바밤바 (70ml),400,550,아이스크림,https://jekyllhyde3.tistory.com/26,2026-06-02 13:41:04.889219+00,2026-06-02 13:41:04.889219+00
97,잘익은 수박바 (80ml),290,400,아이스크림,https://jekyllhyde3.tistory.com/26,2026-06-02 13:41:04.889219+00,2026-06-02 13:41:04.889219+00
98,하이네켄 오리지널 캔 (330ml),1290,2300,주류,https://jekyllhyde3.tistory.com/28,2026-06-02 13:41:04.889219+00,2026-06-13 12:09:31.652433+00
99,아사히 수퍼드라이 생맥주캔 (340ml),1750,2300,주류,https://jekyllhyde3.tistory.com/28,2026-06-02 13:41:04.889219+00,2026-06-02 13:41:04.889219+00
100,코젤 다크 (500ml),1980,2600,주류,https://jekyllhyde3.tistory.com/28,2026-06-02 13:41:04.889219+00,2026-06-02 13:41:04.889219+00
101,코젤 프리미엄 라거 (500ml),1980,2600,주류,https://jekyllhyde3.tistory.com/28,2026-06-02 13:41:04.889219+00,2026-06-02 13:41:04.889219+00
102,스카치하이 레몬 (355ml),1550,2100,주류,https://jekyllhyde3.tistory.com/28,2026-06-02 13:41:04.889219+00,2026-06-02 13:41:04.889219+00
103,톡쏘는 쌀 막걸리 (950ml),1130,1500,주류,https://jekyllhyde3.tistory.com/28,2026-06-02 13:41:04.889219+00,2026-06-02 13:41:04.889219+00
104,지평생막걸리 쌀 (750ml),1430,1900,주류,https://jekyllhyde3.tistory.com/28,2026-06-02 13:41:04.889219+00,2026-06-02 13:41:04.889219+00
105,느린마을 늘봄 막걸리 (750ml),1650,2200,주류,https://jekyllhyde3.tistory.com/28,2026-06-02 13:41:04.889219+00,2026-06-02 13:41:04.889219+00
106,테크 (750g),1800,2400,생활,https://jekyllhyde3.tistory.com/25,2026-06-02 13:41:04.889219+00,2026-06-02 13:41:04.889219+00
107,유한젠 (2.3L),9750,12500,생활,https://jekyllhyde3.tistory.com/25,2026-06-02 13:41:04.889219+00,2026-06-02 13:41:04.889219+00
108,퍼실 딥클린 라벤더젤 (2L),6770,9100,생활,https://jekyllhyde3.tistory.com/25,2026-06-02 13:41:04.889219+00,2026-06-02 13:41:04.889219+00
109,퍼실 딥클린 라벤더젤 플러스 (2.7L),10170,13500,생활,https://jekyllhyde3.tistory.com/26,2026-06-02 13:41:04.889219+00,2026-06-02 13:41:04.889219+00
110,슈가버블 파워클린 (3L),5260,7000,생활,https://jekyllhyde3.tistory.com/23,2026-06-02 13:41:04.889219+00,2026-06-02 13:41:04.889219+00
111,슈가버블 친환경 주방세제 라임 (940ml),2520,3300,생활,https://jekyllhyde3.tistory.com/23,2026-06-02 13:41:04.889219+00,2026-06-02 13:41:04.889219+00
112,부케가르니 에코 주방세제 레몬향 (750ml),2840,3700,생활,https://jekyllhyde3.tistory.com/23,2026-06-02 13:41:04.889219+00,2026-06-02 13:41:04.889219+00
113,디오프리 섬유유연제 (1L),3890,5200,생활,https://jekyllhyde3.tistory.com/25,2026-06-02 13:41:04.889219+00,2026-06-02 13:41:04.889219+00
114,디오프리 세탁 세제 (1L),3890,5200,생활,https://jekyllhyde3.tistory.com/26,2026-06-02 13:41:04.889219+00,2026-06-02 13:41:04.889219+00
115,부케가르니 딥퍼퓸 섬유유연제 화이트머스크 (1000ml),3920,5200,생활,https://jekyllhyde3.tistory.com/26,2026-06-02 13:41:04.889219+00,2026-06-02 13:41:04.889219+00
116,홈키파 제로 엘비이 수성 알파 뉴에어로솔 (500ml),3330,4500,생활,https://jekyllhyde3.tistory.com/25,2026-06-02 13:41:04.889219+00,2026-06-02 13:41:04.889219+00
117,3M 후레쉬 더 길어진 롤백 대 (200매),4310,5800,생활,https://jekyllhyde3.tistory.com/23,2026-06-02 13:41:04.889219+00,2026-06-02 13:41:04.889219+00
118,3M 테이프클리너 팩 대형 (1h 2r),9660,12500,생활,https://jekyllhyde3.tistory.com/25,2026-06-02 13:41:04.889219+00,2026-06-02 13:41:04.889219+00
119,3M 포스트잇 노트 653 레인보우 (400매),1720,2300,생활,https://jekyllhyde3.tistory.com/26,2026-06-02 13:41:04.889219+00,2026-06-02 13:41:04.889219+00
120,모나리자 명작 미용티슈 (280매×6입),9700,12500,생활,https://jekyllhyde3.tistory.com/24,2026-06-02 13:41:04.889219+00,2026-06-02 13:41:04.889219+00
121,모나리자 나무이야기 (27m×30롤),10300,13500,생활,https://jekyllhyde3.tistory.com/24,2026-06-02 13:41:04.889219+00,2026-06-02 13:41:04.889219+00
122,캐치맙 다용도 행주티슈 (80매),2000,2700,생활,https://jekyllhyde3.tistory.com/26,2026-06-02 13:41:04.889219+00,2026-06-02 13:41:04.889219+00
123,렛츠클린 물걸레청소포 (30매),1440,1900,생활,https://jekyllhyde3.tistory.com/24,2026-06-02 13:41:04.889219+00,2026-06-02 13:41:04.889219+00
124,스파클 먹는샘물 (500ml×20입),3350,4500,생활,https://jekyllhyde3.tistory.com/24,2026-06-02 13:41:04.889219+00,2026-06-02 13:41:04.889219+00
125,벡셀 알카라인 건전지 AA (4입),1380,1800,생활,https://jekyllhyde3.tistory.com/26,2026-06-02 13:41:04.889219+00,2026-06-02 13:41:04.889219+00
126,생활공작소 고무장갑 M 파스텔핑크,1790,2400,생활,https://jekyllhyde3.tistory.com/23,2026-06-02 13:41:04.889219+00,2026-06-02 13:41:04.889219+00
127,대일밴드 아쿠아뉴표준 (20매),990,1300,위생,https://jekyllhyde3.tistory.com/25,2026-06-02 13:41:04.889219+00,2026-06-02 13:41:04.889219+00
128,해피홈 고탄력밴드 표준형 (20매입),1160,1500,위생,https://jekyllhyde3.tistory.com/25,2026-06-02 13:41:04.889219+00,2026-06-02 13:41:04.889219+00
129,리스테린 시트러스 (750ml),2870,3800,구강,https://jekyllhyde3.tistory.com/25,2026-06-02 13:41:04.889219+00,2026-06-02 13:41:04.889219+00
130,스파클리프 시린이 치약 (120g),2690,3500,구강,https://jekyllhyde3.tistory.com/25,2026-06-02 13:41:04.889219+00,2026-06-02 13:41:04.889219+00
131,메디안 대나무숯 담은 칫솔 미세모 (4입),3300,4400,구강,https://jekyllhyde3.tistory.com/25,2026-06-02 13:41:04.889219+00,2026-06-02 13:41:04.889219+00
132,메디안 잇몸과학 칫솔 (4입),4500,6000,구강,https://jekyllhyde3.tistory.com/25,2026-06-02 13:41:04.889219+00,2026-06-02 13:41:04.889219+00
133,메디안 치석오리지널 치약 (120g×3입),4200,5500,구강,https://jekyllhyde3.tistory.com/24,2026-06-02 13:41:04.889219+00,2026-06-02 13:41:04.889219+00
134,SGS 일반형 치간칫솔 1.1mm (10개),2090,2800,구강,https://jekyllhyde3.tistory.com/23,2026-06-02 13:41:04.889219+00,2026-06-02 13:41:04.889219+00
135,오랄비 왁스 치실 (50m),1280,1700,구강,https://jekyllhyde3.tistory.com/24,2026-06-02 13:41:04.889219+00,2026-06-02 13:41:04.889219+00
136,오랄비 고탄력 초미세모 그린티 (4입),3810,5000,구강,https://jekyllhyde3.tistory.com/24,2026-06-02 13:41:04.889219+00,2026-06-02 13:41:04.889219+00
137,쿨티아 토탈케어 가글액 (500ml),4250,5700,구강,https://jekyllhyde3.tistory.com/25,2026-06-02 13:41:04.889219+00,2026-06-02 13:41:04.889219+00
138,쉬크 하이드로5 면도기 (기+날2입),7900,10500,면도,https://jekyllhyde3.tistory.com/26,2026-06-02 13:41:04.889219+00,2026-06-02 13:41:04.889219+00
139,좋은느낌 오리지널 수퍼롱 (20개입),4950,6500,여성위생,https://jekyllhyde3.tistory.com/26,2026-06-02 13:41:04.889219+00,2026-06-02 13:41:04.889219+00
140,쏘피 천연코튼 팬티라이너 일반 (84개입),3700,4900,여성위생,https://jekyllhyde3.tistory.com/26,2026-06-02 13:41:04.889219+00,2026-06-02 13:41:04.889219+00
141,해피문데이 순면 탐폰 라이트 (8개입),2570,3400,여성위생,https://jekyllhyde3.tistory.com/25,2026-06-02 13:41:04.889219+00,2026-06-02 13:41:04.889219+00
142,화이트 코튼 쿠션 라이너 롱 (75개입),3000,4000,여성위생,https://jekyllhyde3.tistory.com/24,2026-06-02 13:41:04.889219+00,2026-06-02 13:41:04.889219+00
143,시크릿데이 러브 중형 (32개입),3150,4200,여성위생,https://jekyllhyde3.tistory.com/26,2026-06-02 13:41:04.889219+00,2026-06-02 13:41:04.889219+00
144,VT 시카 마일드 폼클렌저 (300ml),3900,5200,화장품,https://jekyllhyde3.tistory.com/24,2026-06-02 13:41:04.889219+00,2026-06-02 13:41:04.889219+00
145,닥터자르트 시카페어 인텐시브 수딩 리페어 크림 (50ml+15ml*2ea),12500,16500,화장품,https://jekyllhyde3.tistory.com/23,2026-06-02 13:41:04.889219+00,2026-06-02 13:41:04.889219+00
146,닥터자르트 포어레미디 리뉴잉 폼클렌저 (150ml),7250,9500,화장품,https://jekyllhyde3.tistory.com/25,2026-06-02 13:41:04.889219+00,2026-06-02 13:41:04.889219+00
147,닥터지 블랙스네일토너 (150ml),8860,11500,화장품,https://jekyllhyde3.tistory.com/23,2026-06-02 13:41:04.889219+00,2026-06-02 13:41:04.889219+00
148,아비브 콜라겐 아이크림 부활초 튜브 (30ml),7790,10500,화장품,https://jekyllhyde3.tistory.com/24,2026-06-02 13:41:04.889219+00,2026-06-02 13:41:04.889219+00
149,아비브 콜라겐 아이패치 부활초 젤리 (90g),9200,12500,화장품,https://jekyllhyde3.tistory.com/24,2026-06-02 13:41:04.889219+00,2026-06-02 13:41:04.889219+00
150,VT 리들샷 하이드롭 크림 (50ml),8900,12000,화장품,https://jekyllhyde3.tistory.com/25,2026-06-02 13:41:04.889219+00,2026-06-02 13:41:04.889219+00
151,VT 비타-라이트 리들샷 100 (50ml),10560,13500,화장품,https://jekyllhyde3.tistory.com/23,2026-06-02 13:41:04.889219+00,2026-06-02 13:41:04.889219+00
152,VT 리들샷 콜라겐 크림 기획세트 (50ml),9900,12800,화장품,https://jekyllhyde3.tistory.com/25,2026-06-02 13:41:04.889219+00,2026-06-03 09:30:53.404069+00
153,센텔리안24 마데카 크림 타임 리버스 (본품 50ml*2 + 증정),16000,21500,화장품,https://jekyllhyde3.tistory.com/26,2026-06-02 13:41:04.889219+00,2026-06-02 13:41:04.889219+00
154,비플레인 시카테롤 캡슐 베리어 크림 (50ml),7360,9700,화장품,https://jekyllhyde3.tistory.com/24,2026-06-02 13:41:04.889219+00,2026-06-02 13:41:04.889219+00
155,롬앤 블러 퍼지 틴트 (5g),3960,5200,화장품,https://jekyllhyde3.tistory.com/23,2026-06-02 13:41:04.889219+00,2026-06-02 13:41:04.889219+00
156,딘토 블러 글로이 립틴트 (3.5g),5250,7000,화장품,https://jekyllhyde3.tistory.com/23,2026-06-02 13:41:04.889219+00,2026-06-02 13:41:04.889219+00
157,정샘물 스킨 누더 커버 레이어 쿠션 (14g*2),20250,27000,화장품,https://jekyllhyde3.tistory.com/23,2026-06-02 13:41:04.889219+00,2026-06-02 13:41:04.889219+00
158,바닐라코 커버리셔스 파워핏 파운데이션 (30ml),10470,13500,화장품,https://jekyllhyde3.tistory.com/23,2026-06-02 13:41:04.889219+00,2026-06-02 13:41:04.889219+00
159,비비안 시스루밀착덧신 (3족 M-L),5940,7900,잡화,https://jekyllhyde3.tistory.com/23,2026-06-02 13:41:04.889219+00,2026-06-02 13:41:04.889219+00
160,네파 70 자동 장우산 (free / 588g),12000,16000,잡화,https://jekyllhyde3.tistory.com/25,2026-06-02 13:41:04.889219+00,2026-06-02 13:41:04.889219+00
161,미끄럼 방지 슬리퍼 (270mm),5450,7300,잡화,https://jekyllhyde3.tistory.com/25,2026-06-02 13:41:04.889219+00,2026-06-02 13:41:04.889219+00
162,레모나산 (2g×70포),9140,12000,건강,https://jekyllhyde3.tistory.com/20,2026-06-02 13:41:04.889219+00,2026-06-02 13:41:04.889219+00
163,프로폴리스 플러스 (500mg×60캡슐),9400,12500,건강,https://jekyllhyde3.tistory.com/19,2026-06-02 13:41:04.889219+00,2026-06-02 13:41:04.889219+00
164,관절연골엔 보스웰리아 (850mg×60정),13120,17500,건강,https://jekyllhyde3.tistory.com/19,2026-06-02 13:41:04.889219+00,2026-06-02 13:41:04.889219+00
165,마이핏 ORIGIN 칼슘 마그네슘 DK (1200mg×60정),13200,17500,건강,https://jekyllhyde3.tistory.com/18,2026-06-02 13:41:04.889219+00,2026-06-02 13:41:04.889219+00
166,안심 칼슘마그네슘디K2 (600mg×90정),18800,25000,건강,https://jekyllhyde3.tistory.com/18,2026-06-02 13:41:04.889219+00,2026-06-02 13:41:04.889219+00
167,뼈건강 칼슘마그네슘D (950mg 60정),7130,9500,건강,https://jekyllhyde3.tistory.com/21,2026-06-02 13:41:04.889219+00,2026-06-02 13:41:04.889219+00
168,아이원 눈에 좋은 루테인 플러스 (500mg 30캡슐),3970,5300,건강,https://jekyllhyde3.tistory.com/21,2026-06-02 13:41:04.889219+00,2026-06-02 13:41:04.889219+00
169,레모나 루테인 비타민A 구미 (240g),7920,10500,건강,https://jekyllhyde3.tistory.com/18,2026-06-02 13:41:04.889219+00,2026-06-02 13:41:04.889219+00
170,홍삼정스틱 골드 (10g×30포),17500,23000,건강,https://jekyllhyde3.tistory.com/19,2026-06-02 13:41:04.889219+00,2026-06-02 13:41:04.889219+00
171,롯데샌드 파인애플 (315g),1840,3990,과자,null,2026-06-13 11:42:29.622705+00,2026-06-13 11:42:29.622705+00
172,서울우유 (1000ml),2660,2980,유제품,null,2026-06-13 11:44:17.729019+00,2026-06-13 11:44:17.729019+00
173,포카리스웨트캔 (245ml),720,1030,음료,null,2026-06-13 11:45:24.166609+00,2026-06-13 11:45:24.166609+00
174,엠앤엠즈 밀크 (37g),600,1180,과자,null,2026-06-13 11:47:13.957633+00,2026-06-13 11:47:13.957633+00
175,동원 상상 로스트비프 육포 (40g),2210,3850,캔/햄,null,2026-06-13 11:49:10.194229+00,2026-06-13 11:49:10.194229+00
176,참크래커 (280g),1620,3580,과자,null,2026-06-13 11:50:33.264592+00,2026-06-13 11:50:33.264592+00
178,프링글스 오리지날 (110g),1280,3330,과자,null,2026-06-13 11:52:57.155103+00,2026-06-13 11:52:57.155103+00
179,하겐다즈 미니컵 초콜릿 (100ml),1940,3990,아이스크림,null,2026-06-13 11:53:55.291199+00,2026-06-13 11:53:55.291199+00
180,빼빼로 오리지날 (54g),800,1580,과자,null,2026-06-13 11:54:52.421147+00,2026-06-13 11:54:52.421147+00
181,테라 캔 (355ml),1030,1860,주류,null,2026-06-13 11:55:40.531612+00,2026-06-13 11:55:40.531612+00
182,니베아 쉐이빙폼 (200ml),3590,5200,위생,null,2026-06-13 11:56:29.362409+00,2026-06-13 11:56:29.362409+00
183,라운드랩 독도로션 (400ml),13980,23600,화장품,null,2026-06-13 11:57:24.594719+00,2026-06-13 11:57:24.594719+00
184,짜파게티 범벅 컵 (70g),630,900,라면,null,2026-06-13 11:58:24.516164+00,2026-06-13 11:58:24.516164+00
185,아몬드 빼빼로 (32g),690,1500,과자,null,2026-06-13 12:01:04.212264+00,2026-06-13 12:01:04.212264+00
186,육개장 사발면 (86g),580,880,라면,null,2026-06-13 12:02:17.5387+00,2026-06-13 12:02:17.5387+00
187,코카콜라 (250ml),710,1250,음료,null,2026-06-13 12:02:52.799086+00,2026-06-13 12:02:52.799086+00
188,비요뜨 초코링 (138g),1140,1620,유제품,null,2026-06-13 12:03:51.664235+00,2026-06-13 12:03:51.664235+00
189,퍼펙트 휩 폼클렌징 (120g),5020,6700,화장품,null,2026-06-13 12:04:54.406863+00,2026-06-13 12:04:54.406863+00